group_id	variant	freq
pfdhfr_pfdhps	Pf3D7_04_v3-0748128-0748326:51_59:NR;Pf3D7_04_v3-0748406-0748581:108:N;Pf3D7_08_v3-0549609-0549776:437:G;Pf3D7_08_v3-0549988-0550182:540:K	0.07308456400788532
pfdhfr_pfdhps	Pf3D7_04_v3-0748128-0748326:51_59:NR;Pf3D7_04_v3-0748406-0748581:108:N;Pf3D7_08_v3-0549609-0549776:437:G;Pf3D7_08_v3-0549988-0550182:540:N	2.4118093075054948e-12
pfdhfr_pfdhps	Pf3D7_04_v3-0748128-0748326:51_59:NR;Pf3D7_04_v3-0748406-0748581:108:N;Pf3D7_08_v3-0549609-0549776:437:A;Pf3D7_08_v3-0549988-0550182:540:K	0.30968219322436613
pfdhfr_pfdhps	Pf3D7_04_v3-0748128-0748326:51_59:NR;Pf3D7_04_v3-0748406-0748581:108:N;Pf3D7_08_v3-0549609-0549776:437:A;Pf3D7_08_v3-0549988-0550182:540:N	2.4684892872013048e-11
pfdhfr_pfdhps	Pf3D7_04_v3-0748128-0748326:51_59:IR;Pf3D7_04_v3-0748406-0748581:108:N;Pf3D7_08_v3-0549609-0549776:437:G;Pf3D7_08_v3-0549988-0550182:540:K	0.15827737818079418
pfdhfr_pfdhps	Pf3D7_04_v3-0748128-0748326:51_59:IR;Pf3D7_04_v3-0748406-0748581:108:N;Pf3D7_08_v3-0549609-0549776:437:G;Pf3D7_08_v3-0549988-0550182:540:N	0.3178436684888862
pfdhfr_pfdhps	Pf3D7_04_v3-0748128-0748326:51_59:IR;Pf3D7_04_v3-0748406-0748581:108:N;Pf3D7_08_v3-0549609-0549776:437:A;Pf3D7_08_v3-0549988-0550182:540:K	0.14111219607096795
pfdhfr_pfdhps	Pf3D7_04_v3-0748128-0748326:51_59:IR;Pf3D7_04_v3-0748406-0748581:108:N;Pf3D7_08_v3-0549609-0549776:437:A;Pf3D7_08_v3-0549988-0550182:540:N	3.5408742493099348e-15
pfdhfr	Pf3D7_04_v3-0748128-0748326:51_59:NR;Pf3D7_04_v3-0748406-0748581:108:N	0.37646377171852563
pfdhfr	Pf3D7_04_v3-0748128-0748326:51_59:IR;Pf3D7_04_v3-0748406-0748581:108:N	0.6235362282814745
pfdhps	Pf3D7_08_v3-0549609-0549776:437:G;Pf3D7_08_v3-0549988-0550182:540:K	0.23078735370276868
pfdhps	Pf3D7_08_v3-0549609-0549776:437:G;Pf3D7_08_v3-0549988-0550182:540:N	0.30979047706208745
pfdhps	Pf3D7_08_v3-0549609-0549776:437:A;Pf3D7_08_v3-0549988-0550182:540:K	0.4594221692350699
pfdhps	Pf3D7_08_v3-0549609-0549776:437:A;Pf3D7_08_v3-0549988-0550182:540:N	7.393946049040017e-14
